nombre_comun,nombre_cientifico,fuente
Acacia Sieberiana,Acacia sieberiana,https://campuslab.iteso.mx/arboles_casa (inventario oficial ITESO)
Acacia negra de Australia,Acacia melanoxylon,https://campuslab.iteso.mx/arboles_casa (inventario oficial ITESO)
Achiote,Bixa orellana,https://campuslab.iteso.mx/arboles_casa (inventario oficial ITESO)
Aguacate,Persea americana,https://campuslab.iteso.mx/arboles_casa (inventario oficial ITESO)
Aguacate cimarrón,Beilschmiedia pendula,https://campuslab.iteso.mx/arboles_casa (inventario oficial ITESO)
Ahuehuete,Taxodium mucronatum,https://campuslab.iteso.mx/arboles_casa (inventario oficial ITESO)
Aile,Alnus acuminata,https://campuslab.iteso.mx/arboles_casa (inventario oficial ITESO)
Albizia,Albizia occidentalis,https://campuslab.iteso.mx/arboles_casa (inventario oficial ITESO)
Alcornoque,Quercus suber,https://campuslab.iteso.mx/arboles_casa (inventario oficial ITESO)
Aleurites,Aleurites fordii,https://campuslab.iteso.mx/arboles_casa (inventario oficial ITESO)
Algarrobo,Ceratonia siliqua,https://campuslab.iteso.mx/arboles_casa (inventario oficial ITESO)
Alkatzeltzer,Pterocarpus orbiculatus,https://campuslab.iteso.mx/arboles_casa (inventario oficial ITESO)
Almendro,Terminalia catappa,https://campuslab.iteso.mx/arboles_casa (inventario oficial ITESO)
Amate,Ficus petiolaris,https://campuslab.iteso.mx/arboles_casa (inventario oficial ITESO)
Amate peludo,Ficus membranacea,https://campuslab.iteso.mx/arboles_casa (inventario oficial ITESO)
Anona de la costa,Annona reticulata,https://campuslab.iteso.mx/arboles_casa (inventario oficial ITESO)
Aralia,Schefflera actinophylla,https://campuslab.iteso.mx/arboles_casa (inventario oficial ITESO)
Araucaria brasileña.,Araucaria angustifolia,https://campuslab.iteso.mx/arboles_casa (inventario oficial ITESO)
Araucaria chilena,Araucaria heterophylla,https://campuslab.iteso.mx/arboles_casa (inventario oficial ITESO)
Arbol de la mora,Morus alba,https://campuslab.iteso.mx/arboles_casa (inventario oficial ITESO)
Arbol de la salchicha,Kigelia pinnata,https://campuslab.iteso.mx/arboles_casa (inventario oficial ITESO)
Arbol de la uva,Syzygium malaccense,https://campuslab.iteso.mx/arboles_casa (inventario oficial ITESO)
Arcer,Acer negundo,https://campuslab.iteso.mx/arboles_casa (inventario oficial ITESO)
Arrayan,Psidium sartorianum,https://campuslab.iteso.mx/arboles_casa (inventario oficial ITESO)
Arrayán,Psidium sartorianum,https://campuslab.iteso.mx/arboles_casa (inventario oficial ITESO)
Atmosferica,Lagerstroemia indica,https://campuslab.iteso.mx/arboles_casa (inventario oficial ITESO)
Atmosférica,Lagerstroemia indica,https://campuslab.iteso.mx/arboles_casa (inventario oficial ITESO)
Ayacahuite,Pinus ayacahuite,https://campuslab.iteso.mx/arboles_casa (inventario oficial ITESO)
Ayoyote,Thevetia ovata,https://campuslab.iteso.mx/arboles_casa (inventario oficial ITESO)
Bernulia,Bernoullia flammea,https://campuslab.iteso.mx/arboles_casa (inventario oficial ITESO)
Boabadt,Adansonia grandidieri,https://campuslab.iteso.mx/arboles_casa (inventario oficial ITESO)
Bolitario,Sapindus saponaria,https://campuslab.iteso.mx/arboles_casa (inventario oficial ITESO)
Bonete,Jacaratia mexicana,https://campuslab.iteso.mx/arboles_casa (inventario oficial ITESO)
Brachicho,Brachychiton acerifolius,https://campuslab.iteso.mx/arboles_casa (inventario oficial ITESO)
Burcera grandifolia,Bursera grandifolia,https://campuslab.iteso.mx/arboles_casa (inventario oficial ITESO)
Bursera,Bursera attenuata,https://campuslab.iteso.mx/arboles_casa (inventario oficial ITESO)
Bursera fagaroides,Bursera fagaroides,https://campuslab.iteso.mx/arboles_casa (inventario oficial ITESO)
Cabrito,Stemmadenia palmeri,https://campuslab.iteso.mx/arboles_casa (inventario oficial ITESO)
Cacalaco,Caesalpinia cacalaco,https://campuslab.iteso.mx/arboles_casa (inventario oficial ITESO)
Cacaloxochitl,Plumeria rubra,https://campuslab.iteso.mx/arboles_casa (inventario oficial ITESO)
Cafeto,Coffea arabica,https://campuslab.iteso.mx/arboles_casa (inventario oficial ITESO)
Calistemo,Callistemon citrinus,https://campuslab.iteso.mx/arboles_casa (inventario oficial ITESO)
Camichin,Ficus pertusa,https://campuslab.iteso.mx/arboles_casa (inventario oficial ITESO)
Camichín,Ficus pertusa,https://campuslab.iteso.mx/arboles_casa (inventario oficial ITESO)
Canelo,Drimys winteri,https://campuslab.iteso.mx/arboles_casa (inventario oficial ITESO)
Caobilla,Swietenia humilis,https://campuslab.iteso.mx/arboles_casa (inventario oficial ITESO)
Capiro,Albizia lebbek,https://campuslab.iteso.mx/arboles_casa (inventario oficial ITESO)
Capomo,Brosimum alicastrum,https://campuslab.iteso.mx/arboles_casa (inventario oficial ITESO)
Capulin,Prunus serotina,https://campuslab.iteso.mx/arboles_casa (inventario oficial ITESO)
Capulin Blanco,Daphnopsis americana,https://campuslab.iteso.mx/arboles_casa (inventario oficial ITESO)
Capulincillo,Prunus rhamnoides,https://campuslab.iteso.mx/arboles_casa (inventario oficial ITESO)
Carisa,Carissa ovata,https://campuslab.iteso.mx/arboles_casa (inventario oficial ITESO)
Casahuate,Ipomoea murucoides,https://campuslab.iteso.mx/arboles_casa (inventario oficial ITESO)
Casuarina,Casuarina equisetifolia,https://campuslab.iteso.mx/arboles_casa (inventario oficial ITESO)
Cedro blanco,Cupressus lusitanica,https://campuslab.iteso.mx/arboles_casa (inventario oficial ITESO)
Cedro de la sierra,Cedrela salvadorensis,https://campuslab.iteso.mx/arboles_casa (inventario oficial ITESO)
Cedro palma,Thuja Occidentalis,https://campuslab.iteso.mx/arboles_casa (inventario oficial ITESO)
Cedro rojo,Cedrela odorata,https://campuslab.iteso.mx/arboles_casa (inventario oficial ITESO)
Ceiba brasileña,Ceiba speciosa,https://campuslab.iteso.mx/arboles_casa (inventario oficial ITESO)
Ceiba mexicana,Ceiba pentandra,https://campuslab.iteso.mx/arboles_casa (inventario oficial ITESO)
Chaya,Cnidoscolus aconitifolius,https://campuslab.iteso.mx/arboles_casa (inventario oficial ITESO)
Chico zapote,Manilkara zapota,https://campuslab.iteso.mx/arboles_casa (inventario oficial ITESO)
Chicotillo,Cassia hintonii,https://campuslab.iteso.mx/arboles_casa (inventario oficial ITESO)
Chicozapote,Manilkara zapota,https://campuslab.iteso.mx/arboles_casa (inventario oficial ITESO)
Chirimoyo,Annona cherimola,https://campuslab.iteso.mx/arboles_casa (inventario oficial ITESO)
Chirimoyo silvestre,Annona longiflora,https://campuslab.iteso.mx/arboles_casa (inventario oficial ITESO)
Chivo,Croton draco,https://campuslab.iteso.mx/arboles_casa (inventario oficial ITESO)
Churumbel,Manihot caudata,https://campuslab.iteso.mx/arboles_casa (inventario oficial ITESO)
Cicua,Cochlospermum vitifolium,https://campuslab.iteso.mx/arboles_casa (inventario oficial ITESO)
Cicua,Heliocarpus palmeri,https://campuslab.iteso.mx/arboles_casa (inventario oficial ITESO)
Cicua pallidus,Heliocarpus pallidus,https://campuslab.iteso.mx/arboles_casa (inventario oficial ITESO)
Ciprés,Cupressus Sempervirens,https://campuslab.iteso.mx/arboles_casa (inventario oficial ITESO)
Ciruela de la barranca,Spondias purpurea,https://campuslab.iteso.mx/arboles_casa (inventario oficial ITESO)
Clavellina,Pseudobombax ellipticum,https://campuslab.iteso.mx/arboles_casa (inventario oficial ITESO)
Clavellina de la barranca,Pseudobombax ellipticum,https://campuslab.iteso.mx/arboles_casa (inventario oficial ITESO)
Clusia,Clusia sp,https://campuslab.iteso.mx/arboles_casa (inventario oficial ITESO)
Codo de fraile,Thevetia peruviana,https://campuslab.iteso.mx/arboles_casa (inventario oficial ITESO)
Codo de fraile,Thevetia thevetioides,https://campuslab.iteso.mx/arboles_casa (inventario oficial ITESO)
Colorin,Erythrina flabelliformis,https://campuslab.iteso.mx/arboles_casa (inventario oficial ITESO)
Colorin Flama,Erythrina abyssinica,https://campuslab.iteso.mx/arboles_casa (inventario oficial ITESO)
Colorin Flama,Erythrina sp,https://campuslab.iteso.mx/arboles_casa (inventario oficial ITESO)
Colorin de infiernillo,Erythrina sp,https://campuslab.iteso.mx/arboles_casa (inventario oficial ITESO)
Colorin mexicano,Erythrina americana,https://campuslab.iteso.mx/arboles_casa (inventario oficial ITESO)
Copal,Bursera copallifera,https://campuslab.iteso.mx/arboles_casa (inventario oficial ITESO)
Cordia,Cordia morelosana,https://campuslab.iteso.mx/arboles_casa (inventario oficial ITESO)
Cordia roja,Cordia sebestena,https://campuslab.iteso.mx/arboles_casa (inventario oficial ITESO)
Cortapico,Prunus cortapico,https://campuslab.iteso.mx/arboles_casa (inventario oficial ITESO)
Crataegus ssp,Crataegus pubescens,https://campuslab.iteso.mx/arboles_casa (inventario oficial ITESO)
Cresta de gallo/ Pico de tucán,Erythrina crista-galli,https://campuslab.iteso.mx/arboles_casa (inventario oficial ITESO)
Cuachalalate,Amphipterygium adstringens,https://campuslab.iteso.mx/arboles_casa (inventario oficial ITESO)
Cuajiote,Bursera simaruba,https://campuslab.iteso.mx/arboles_casa (inventario oficial ITESO)
Cuastecomate,Crescentia alata,https://campuslab.iteso.mx/arboles_casa (inventario oficial ITESO)
Cuastecomate,Crescentia cujete,https://campuslab.iteso.mx/arboles_casa (inventario oficial ITESO)
Cuereño,Lonchocarpus salvadorensis,https://campuslab.iteso.mx/arboles_casa (inventario oficial ITESO)
Culebro,Astronium graveolens,https://campuslab.iteso.mx/arboles_casa (inventario oficial ITESO)
Cupaniop sis,Cupaniopsis anacardioides,https://campuslab.iteso.mx/arboles_casa (inventario oficial ITESO)
Durazno,Prunus persica,https://campuslab.iteso.mx/arboles_casa (inventario oficial ITESO)
Encino blanco,Quercus castania,https://campuslab.iteso.mx/arboles_casa (inventario oficial ITESO)
Encino bornio,Quercus lancifolia,https://campuslab.iteso.mx/arboles_casa (inventario oficial ITESO)
Encino de asta,Quercus candicans,https://campuslab.iteso.mx/arboles_casa (inventario oficial ITESO)
Encino rojo,Quercus robur,https://campuslab.iteso.mx/arboles_casa (inventario oficial ITESO)
Encino siempre verde,Quercus virginiana,https://campuslab.iteso.mx/arboles_casa (inventario oficial ITESO)
Enebro chino,Juniperus chinensis,https://campuslab.iteso.mx/arboles_casa (inventario oficial ITESO)
Eriocarpa,Inga eriocarpa,https://campuslab.iteso.mx/arboles_casa (inventario oficial ITESO)
Eucalipto,Eucalyptus camaldulensis,https://campuslab.iteso.mx/arboles_casa (inventario oficial ITESO)
Eucalipto limón,Eucaliptus citriodora,https://campuslab.iteso.mx/arboles_casa (inventario oficial ITESO)
Eugenia,Eugenia myrtifolia,https://campuslab.iteso.mx/arboles_casa (inventario oficial ITESO)
Eugenia,Eugenia sp,https://campuslab.iteso.mx/arboles_casa (inventario oficial ITESO)
Falso pistache,Simarouba amara,https://campuslab.iteso.mx/arboles_casa (inventario oficial ITESO)
Ficus,Ficus benjamina,https://campuslab.iteso.mx/arboles_casa (inventario oficial ITESO)
Ficus variegata,Ficus variegata,https://campuslab.iteso.mx/arboles_casa (inventario oficial ITESO)
Flama china,Koelreuteria paniculata,https://campuslab.iteso.mx/arboles_casa (inventario oficial ITESO)
Flor color salmon,Thevetia peruviana,https://campuslab.iteso.mx/arboles_casa (inventario oficial ITESO)
Floripondio,Datura arborea,https://campuslab.iteso.mx/arboles_casa (inventario oficial ITESO)
Fresno,Fraxinus uhdei,https://campuslab.iteso.mx/arboles_casa (inventario oficial ITESO)
Fresno américano,Fraxinus velutina,https://campuslab.iteso.mx/arboles_casa (inventario oficial ITESO)
Fresno de barranca,Fraxinus berlandieriana,https://campuslab.iteso.mx/arboles_casa (inventario oficial ITESO)
Fresno de hoja chica,Fraxinus reflexiflora,https://campuslab.iteso.mx/arboles_casa (inventario oficial ITESO)
Frijolillo/ Coralillo,Cojoba arborea,https://campuslab.iteso.mx/arboles_casa (inventario oficial ITESO)
Galeana,Spathodea campanulata,https://campuslab.iteso.mx/arboles_casa (inventario oficial ITESO)
Garra de leon,Oreopanax peltatus,https://campuslab.iteso.mx/arboles_casa (inventario oficial ITESO)
Ginkgo,Ginkgo biloba;,https://campuslab.iteso.mx/arboles_casa (inventario oficial ITESO)
Granadillo,Platymiscium lasiocarpum,https://campuslab.iteso.mx/arboles_casa (inventario oficial ITESO)
Granado,Punica granatum,https://campuslab.iteso.mx/arboles_casa (inventario oficial ITESO)
Granjeno,Forestiera tomentosa,https://campuslab.iteso.mx/arboles_casa (inventario oficial ITESO)
Grevilea,Grevillea robusta,https://campuslab.iteso.mx/arboles_casa (inventario oficial ITESO)
Guaje,Leucaena esculenta,https://campuslab.iteso.mx/arboles_casa (inventario oficial ITESO)
Guamúchil,Pithecellobium dulce,https://campuslab.iteso.mx/arboles_casa (inventario oficial ITESO)
Guarumbo,Cecropia obtusifolia,https://campuslab.iteso.mx/arboles_casa (inventario oficial ITESO)
Guayaba fresa,Psidium cattleianum,https://campuslab.iteso.mx/arboles_casa (inventario oficial ITESO)
Guayabillo,Lasiocarpus ferrugineus,https://campuslab.iteso.mx/arboles_casa (inventario oficial ITESO)
Guayabillo,Thouinia acuminata,https://campuslab.iteso.mx/arboles_casa (inventario oficial ITESO)
Guayabillo rosa,Ruprechtia pallida,https://campuslab.iteso.mx/arboles_casa (inventario oficial ITESO)
Guayabo,Psidium guajava,https://campuslab.iteso.mx/arboles_casa (inventario oficial ITESO)
Guayabo fresa,Psidium cattleianum,https://campuslab.iteso.mx/arboles_casa (inventario oficial ITESO)
Guayabo piña,Feijoa sellowiana,https://campuslab.iteso.mx/arboles_casa (inventario oficial ITESO)
Guázima,Guazuma ulmifolia,https://campuslab.iteso.mx/arboles_casa (inventario oficial ITESO)
Habillo,Hura polyandra,https://campuslab.iteso.mx/arboles_casa (inventario oficial ITESO)
Hibiscus Tiliaceus,Hibiscus tiliaceus,https://campuslab.iteso.mx/arboles_casa (inventario oficial ITESO)
Higuera,Ficus obtusifolia,https://campuslab.iteso.mx/arboles_casa (inventario oficial ITESO)
Higuera blanca,Ficus insipida,https://campuslab.iteso.mx/arboles_casa (inventario oficial ITESO)
Higuera negra,Ficus crocata,https://campuslab.iteso.mx/arboles_casa (inventario oficial ITESO)
Huele de noche,Cordia morelosana,https://campuslab.iteso.mx/arboles_casa (inventario oficial ITESO)
Huizache,Acacia farnesiana,https://campuslab.iteso.mx/arboles_casa (inventario oficial ITESO)
Hule,Ficus elastica,https://campuslab.iteso.mx/arboles_casa (inventario oficial ITESO)
Hura,Hura sp,https://campuslab.iteso.mx/arboles_casa (inventario oficial ITESO)
Inga,Inga paterno,https://campuslab.iteso.mx/arboles_casa (inventario oficial ITESO)
Iresine grandis Standl.,Iresine grandis,https://campuslab.iteso.mx/arboles_casa (inventario oficial ITESO)
Jacaloxochitl.,Plumeria rubra,https://campuslab.iteso.mx/arboles_casa (inventario oficial ITESO)
Jacaranda,Jacaranda mimosifolia,https://campuslab.iteso.mx/arboles_casa (inventario oficial ITESO)
Jara,Senecio salignus,https://campuslab.iteso.mx/arboles_casa (inventario oficial ITESO)
Jarretadera,Acacia hindsii,https://campuslab.iteso.mx/arboles_casa (inventario oficial ITESO)
Jatrofa,Jatropha standleyi,https://campuslab.iteso.mx/arboles_casa (inventario oficial ITESO)
Jatrofa cordata,Jatropha cordata,https://campuslab.iteso.mx/arboles_casa (inventario oficial ITESO)
Jatrofa curca,Jatropha curcas,https://campuslab.iteso.mx/arboles_casa (inventario oficial ITESO)
Jazmín,Jazminum L,https://campuslab.iteso.mx/arboles_casa (inventario oficial ITESO)
Jinicuil,Inga jinicuil,https://campuslab.iteso.mx/arboles_casa (inventario oficial ITESO)
Laurel de India,Ficus microcarpa,https://campuslab.iteso.mx/arboles_casa (inventario oficial ITESO)
Ligustrum,Ligustrum lucidum,https://campuslab.iteso.mx/arboles_casa (inventario oficial ITESO)
Lima chichona,Citrus × limetta,https://campuslab.iteso.mx/arboles_casa (inventario oficial ITESO)
Limón,Citrus × limon,https://campuslab.iteso.mx/arboles_casa (inventario oficial ITESO)
Liquidambar,Liquidambar styraciflua,https://campuslab.iteso.mx/arboles_casa (inventario oficial ITESO)
Lirata,Ficus lyrata,https://campuslab.iteso.mx/arboles_casa (inventario oficial ITESO)
Litchi,Litchi chinensis,https://campuslab.iteso.mx/arboles_casa (inventario oficial ITESO)
Llora sangre,Bocconia arborea,https://campuslab.iteso.mx/arboles_casa (inventario oficial ITESO)
Lluvia de oro,Cassia fistula,https://campuslab.iteso.mx/arboles_casa (inventario oficial ITESO)
Lluvia rosada,Cassia javanica,https://campuslab.iteso.mx/arboles_casa (inventario oficial ITESO)
Macadamia,Macadamia tetraphylla,https://campuslab.iteso.mx/arboles_casa (inventario oficial ITESO)
Madroño,Clethra rosei,https://campuslab.iteso.mx/arboles_casa (inventario oficial ITESO)
Magnolia,Magnolia grandiflora,https://campuslab.iteso.mx/arboles_casa (inventario oficial ITESO)
Magnolia zapopana,Magnolia pugana,https://campuslab.iteso.mx/arboles_casa (inventario oficial ITESO)
Mahahua silvestre,Heliocarpus terebinthinaceus,https://campuslab.iteso.mx/arboles_casa (inventario oficial ITESO)
Majahua,Talipariti elatum,https://campuslab.iteso.mx/arboles_casa (inventario oficial ITESO)
Majahua africana,Thespesia populnea,https://campuslab.iteso.mx/arboles_casa (inventario oficial ITESO)
Mandarino,Citrus reticulata,https://campuslab.iteso.mx/arboles_casa (inventario oficial ITESO)
Mango barranqueño,Mangifera indica,https://campuslab.iteso.mx/arboles_casa (inventario oficial ITESO)
Manguillo,Ternstroemia tepezapote,https://campuslab.iteso.mx/arboles_casa (inventario oficial ITESO)
Markhamia,Markhamia stipulata,https://campuslab.iteso.mx/arboles_casa (inventario oficial ITESO)
Mataiza,Sapium pedicellatum,https://campuslab.iteso.mx/arboles_casa (inventario oficial ITESO)
Medallon de oro,Senna racemosa,https://campuslab.iteso.mx/arboles_casa (inventario oficial ITESO)
Melaleuca,Melaleuca quinquenervia;,https://campuslab.iteso.mx/arboles_casa (inventario oficial ITESO)
Melina,Gmelina arborea,https://campuslab.iteso.mx/arboles_casa (inventario oficial ITESO)
Mezquite,Prosopis laevigata,https://campuslab.iteso.mx/arboles_casa (inventario oficial ITESO)
Mezquite rojo,Prosopis dulcis,https://campuslab.iteso.mx/arboles_casa (inventario oficial ITESO)
Mimosa galeotti,Mimosa galeottii,https://campuslab.iteso.mx/arboles_casa (inventario oficial ITESO)
Mochaquelite,Pithecellobium lanceolatum,https://campuslab.iteso.mx/arboles_casa (inventario oficial ITESO)
Mora,Morus celtidifolia,https://campuslab.iteso.mx/arboles_casa (inventario oficial ITESO)
Mora hoja chica,Morus nigra,https://campuslab.iteso.mx/arboles_casa (inventario oficial ITESO)
Moringa,Moringa oleifera,https://campuslab.iteso.mx/arboles_casa (inventario oficial ITESO)
Nanche,Byrsonima crassifolia,https://campuslab.iteso.mx/arboles_casa (inventario oficial ITESO)
Narabja dulce,Citrus sinensis,https://campuslab.iteso.mx/arboles_casa (inventario oficial ITESO)
Naranjo agrio,Citrus aurantium,https://campuslab.iteso.mx/arboles_casa (inventario oficial ITESO)
Neem,Azadirachta indica,https://campuslab.iteso.mx/arboles_casa (inventario oficial ITESO)
Nispero,Eriobotrya japonica,https://campuslab.iteso.mx/arboles_casa (inventario oficial ITESO)
Nogal cimarron,Juglans major,https://campuslab.iteso.mx/arboles_casa (inventario oficial ITESO)
Níspero,Eriobotrya japonica,https://campuslab.iteso.mx/arboles_casa (inventario oficial ITESO)
Obelisco,Hibiscus rosasinensis,https://campuslab.iteso.mx/arboles_casa (inventario oficial ITESO)
Ocotillo,Fouquieria formosa,https://campuslab.iteso.mx/arboles_casa (inventario oficial ITESO)
Olivo,Olea europaea,https://campuslab.iteso.mx/arboles_casa (inventario oficial ITESO)
Olivo negro,Bucida buceras,https://campuslab.iteso.mx/arboles_casa (inventario oficial ITESO)
Palma Reina,Roystonea regia,https://campuslab.iteso.mx/arboles_casa (inventario oficial ITESO)
Palma abanico,Washingtonia robusta,https://campuslab.iteso.mx/arboles_casa (inventario oficial ITESO)
Palma areca,Dypsis lutescens;,https://campuslab.iteso.mx/arboles_casa (inventario oficial ITESO)
Palma bismarkia,Bismarckia nobilis;,https://campuslab.iteso.mx/arboles_casa (inventario oficial ITESO)
Palma canaria,Phoenix canariensis;,https://campuslab.iteso.mx/arboles_casa (inventario oficial ITESO)
Palma canaria enana,Phoenix roebelinii,https://campuslab.iteso.mx/arboles_casa (inventario oficial ITESO)
Palma coco plumoso,Arecastrum romanzoffianum,https://campuslab.iteso.mx/arboles_casa (inventario oficial ITESO)
Palma cola de pescado,Caryota urens,https://campuslab.iteso.mx/arboles_casa (inventario oficial ITESO)
Palma del caminante,Ravenala madagascariensis,https://campuslab.iteso.mx/arboles_casa (inventario oficial ITESO)
Palma triangular,Dypsis decaryi,https://campuslab.iteso.mx/arboles_casa (inventario oficial ITESO)
Palo Verde,Parkinsonia aculeata,https://campuslab.iteso.mx/arboles_casa (inventario oficial ITESO)
Palo bobo,Ipomoea pauciflora,https://campuslab.iteso.mx/arboles_casa (inventario oficial ITESO)
Palo chino,Aphananthe monoica,https://campuslab.iteso.mx/arboles_casa (inventario oficial ITESO)
Palo de agua,Astianthus viminalis,https://campuslab.iteso.mx/arboles_casa (inventario oficial ITESO)
Palo de la rosa,Viguiera quinqueradiata,https://campuslab.iteso.mx/arboles_casa (inventario oficial ITESO)
Palo dulce,Eysenhardtia polystachya,https://campuslab.iteso.mx/arboles_casa (inventario oficial ITESO)
Palo fierro/Amapa,Tabebuia chrysantha,https://campuslab.iteso.mx/arboles_casa (inventario oficial ITESO)
Palo picho,Schizolobium parahyba,https://campuslab.iteso.mx/arboles_casa (inventario oficial ITESO)
Palo rosa,Viguiera tomentosa,https://campuslab.iteso.mx/arboles_casa (inventario oficial ITESO)
Palo santo,Diphysa suberosa,https://campuslab.iteso.mx/arboles_casa (inventario oficial ITESO)
Papaya,Carica papaya,https://campuslab.iteso.mx/arboles_casa (inventario oficial ITESO)
Papelillo,Bursera multijuga,https://campuslab.iteso.mx/arboles_casa (inventario oficial ITESO)
Papelillo naranja,Bursera kerberi,https://campuslab.iteso.mx/arboles_casa (inventario oficial ITESO)
Paraiso,Melia azederach,https://campuslab.iteso.mx/arboles_casa (inventario oficial ITESO)
Paraíso,Melia azederach,https://campuslab.iteso.mx/arboles_casa (inventario oficial ITESO)
Parota/ Guanacaxtle,Enterolobium cyclocarpum,https://campuslab.iteso.mx/arboles_casa (inventario oficial ITESO)
Parotilla,Albizia tomentosa,https://campuslab.iteso.mx/arboles_casa (inventario oficial ITESO)
Pata de elefente,Beaucarnea recurvata,https://campuslab.iteso.mx/arboles_casa (inventario oficial ITESO)
Pata de res,Bauhinia variegata,https://campuslab.iteso.mx/arboles_casa (inventario oficial ITESO)
Paulonia,Paulownia tomentosa;,https://campuslab.iteso.mx/arboles_casa (inventario oficial ITESO)
Pino,Pinus douglasiana,https://campuslab.iteso.mx/arboles_casa (inventario oficial ITESO)
Pino Michoacano,Pinus devoniana,https://campuslab.iteso.mx/arboles_casa (inventario oficial ITESO)
Pino afgano,Pinus eldarica,https://campuslab.iteso.mx/arboles_casa (inventario oficial ITESO)
Pino azul,Pinus maximartinezii,https://campuslab.iteso.mx/arboles_casa (inventario oficial ITESO)
Pino greggi,Pino greggi,https://campuslab.iteso.mx/arboles_casa (inventario oficial ITESO)
Pino piñonero,Pinus cembroides,https://campuslab.iteso.mx/arboles_casa (inventario oficial ITESO)
Pino triste,Pinus lumholtzii,https://campuslab.iteso.mx/arboles_casa (inventario oficial ITESO)
Piracanto,Pyracantha coccinea,https://campuslab.iteso.mx/arboles_casa (inventario oficial ITESO)
Pirul,Schinus molle,https://campuslab.iteso.mx/arboles_casa (inventario oficial ITESO)
Pirul brasileño,Schinus terebinthifolius,https://campuslab.iteso.mx/arboles_casa (inventario oficial ITESO)
Plátano,Platanus mexicana,https://campuslab.iteso.mx/arboles_casa (inventario oficial ITESO)
Pochote,Ceiba aesculifolia,https://campuslab.iteso.mx/arboles_casa (inventario oficial ITESO)
Podocarpus,Podocarpus sp,https://campuslab.iteso.mx/arboles_casa (inventario oficial ITESO)
Poma rosa,Syzygium jambos,https://campuslab.iteso.mx/arboles_casa (inventario oficial ITESO)
Primavera,Roseodendron donnell-smithii,https://campuslab.iteso.mx/arboles_casa (inventario oficial ITESO)
Reichi,Podocarpus reichei,https://campuslab.iteso.mx/arboles_casa (inventario oficial ITESO)
Retama,Tecoma stans,https://campuslab.iteso.mx/arboles_casa (inventario oficial ITESO)
Retama de la sierra,Senna multifoliolata,https://campuslab.iteso.mx/arboles_casa (inventario oficial ITESO)
Roble,Quercus grandifolia,https://campuslab.iteso.mx/arboles_casa (inventario oficial ITESO)
Roble,Quercus magnoliifolia,https://campuslab.iteso.mx/arboles_casa (inventario oficial ITESO)
Roble,Quercus obtusata,https://campuslab.iteso.mx/arboles_casa (inventario oficial ITESO)
Roble,Quercus rugosa,https://campuslab.iteso.mx/arboles_casa (inventario oficial ITESO)
Rosa morada,Tabebuia rosea,https://campuslab.iteso.mx/arboles_casa (inventario oficial ITESO)
Rosal blanco,Rosa sp,https://campuslab.iteso.mx/arboles_casa (inventario oficial ITESO)
San jose de la Montaña,Ehretia tinifolia,https://campuslab.iteso.mx/arboles_casa (inventario oficial ITESO)
San juanico,Euphorbia macvaughii,https://campuslab.iteso.mx/arboles_casa (inventario oficial ITESO)
Sangre libanesa,Euphorbia cotinifolia,https://campuslab.iteso.mx/arboles_casa (inventario oficial ITESO)
Sauce cenizo,Salix bonplandiana,https://campuslab.iteso.mx/arboles_casa (inventario oficial ITESO)
Sauce de la costa,Salix humboldtiana,https://campuslab.iteso.mx/arboles_casa (inventario oficial ITESO)
Sauce llorón,Salix babylonica,https://campuslab.iteso.mx/arboles_casa (inventario oficial ITESO)
Sequoia,Sequoia sempervirens,https://campuslab.iteso.mx/arboles_casa (inventario oficial ITESO)
Sicomoro,Ficus sycomorus,https://campuslab.iteso.mx/arboles_casa (inventario oficial ITESO)
Sideroxilom cartilagenium,Sideroxylon cartilagineum,https://campuslab.iteso.mx/arboles_casa (inventario oficial ITESO)
Tabachinillo,Peltophorum dubium,https://campuslab.iteso.mx/arboles_casa (inventario oficial ITESO)
Tabachìn Mexicano,Caesalpinia pulcherrima,https://campuslab.iteso.mx/arboles_casa (inventario oficial ITESO)
"Tabachín, flamboyán",Delonix regia,https://campuslab.iteso.mx/arboles_casa (inventario oficial ITESO)
Tabachín/ flamboyán,Delonix regia,https://campuslab.iteso.mx/arboles_casa (inventario oficial ITESO)
Tacamo,Ehretia latifolia,https://campuslab.iteso.mx/arboles_casa (inventario oficial ITESO)
Tamarix galica,Tamarix gallica,https://campuslab.iteso.mx/arboles_casa (inventario oficial ITESO)
Tancahuete,Euphorbia tanquahuete,https://campuslab.iteso.mx/arboles_casa (inventario oficial ITESO)
Tempisque,Sideroxylon capiri,https://campuslab.iteso.mx/arboles_casa (inventario oficial ITESO)
Tepeguaje,Lysiloma acapulcense,https://campuslab.iteso.mx/arboles_casa (inventario oficial ITESO)
Tepemezquite,Lysiloma microphylla,https://campuslab.iteso.mx/arboles_casa (inventario oficial ITESO)
Tepezapote,Platymiscium trifoliolatum,https://campuslab.iteso.mx/arboles_casa (inventario oficial ITESO)
Tepezapote,Ternstroemia tepezapote,https://campuslab.iteso.mx/arboles_casa (inventario oficial ITESO)
Toronja,Citrus paradisi,https://campuslab.iteso.mx/arboles_casa (inventario oficial ITESO)
Tres dedos,Crataeva tapia,https://campuslab.iteso.mx/arboles_casa (inventario oficial ITESO)
Uva caleta,Coccoloba uvifera,https://campuslab.iteso.mx/arboles_casa (inventario oficial ITESO)
Vainilla silvestre,Senna atomaria,https://campuslab.iteso.mx/arboles_casa (inventario oficial ITESO)
Verdecillo,Tabebuia impetiginosa,https://campuslab.iteso.mx/arboles_casa (inventario oficial ITESO)
Vitex de flor morada,Vitex mollis,https://campuslab.iteso.mx/arboles_casa (inventario oficial ITESO)
Yaca,Artocarpus heterophyllus;,https://campuslab.iteso.mx/arboles_casa (inventario oficial ITESO)
Yuca,Yucca sp,https://campuslab.iteso.mx/arboles_casa (inventario oficial ITESO)
Zapote blanco,Casimiroa edulis,https://campuslab.iteso.mx/arboles_casa (inventario oficial ITESO)
Zarcillo,Alvaradoa amorphoides,https://campuslab.iteso.mx/arboles_casa (inventario oficial ITESO)
laurel de flor,Nerium oleander,https://campuslab.iteso.mx/arboles_casa (inventario oficial ITESO)
sacapico,Prunus ferruginea,https://campuslab.iteso.mx/arboles_casa (inventario oficial ITESO)
Árbol Maria,Calophyllum brasiliense,https://campuslab.iteso.mx/arboles_casa (inventario oficial ITESO)
Árbol de la lluvia,Samanea saman,https://campuslab.iteso.mx/arboles_casa (inventario oficial ITESO)
Árbol de la salchicha,Kigelia pinnata,https://campuslab.iteso.mx/arboles_casa (inventario oficial ITESO)
