nombre_cientifico,fuente
Wigandia urens,Guía de flores silvestres del Bosque La Primavera (perso)
Diastatea tenera,Guía de flores silvestres del Bosque La Primavera (perso)
Ipomoea capillacea,Guía de flores silvestres del Bosque La Primavera (perso)
Ipomoea laeta,Guía de flores silvestres del Bosque La Primavera (perso)
Salvia heterotricha,Guía de flores silvestres del Bosque La Primavera (perso)
Cuphea llavea,Guía de flores silvestres del Bosque La Primavera (perso)
Bletia ensifolia,Guía de flores silvestres del Bosque La Primavera (perso)
Bletia macristhmochila,Guía de flores silvestres del Bosque La Primavera (perso)
Begonia tapatia,Guía de flores silvestres del Bosque La Primavera (perso)
Mandevilla hypoleuca,Guía de flores silvestres del Bosque La Primavera (perso)
Hyptis albida,Guía de flores silvestres del Bosque La Primavera (perso)
Bletia roezlii,Guía de flores silvestres del Bosque La Primavera (perso)
Habenaria jaliscana,Guía de flores silvestres del Bosque La Primavera (perso)
Heterotheca inuloides,Guía de flores silvestres del Bosque La Primavera (perso)
Verbesina fastigiata,Guía de flores silvestres del Bosque La Primavera (perso)
Verbesina sphaerocephala,Guía de flores silvestres del Bosque La Primavera (perso)
Vachellia pennatula,Guía de flores silvestres del Bosque La Primavera (perso)
Turnera callosa,Guía de flores silvestres del Bosque La Primavera (perso)
Bessera elegans,Guía de flores silvestres del Bosque La Primavera (perso)
Zinnia angustifolia,Guía de flores silvestres del Bosque La Primavera (perso)
Cuphea jorullensis,Guía de flores silvestres del Bosque La Primavera (perso)
Loeselia mexicana,Guía de flores silvestres del Bosque La Primavera (perso)
Aristolochia bracteosa,Guía de flores silvestres del Bosque La Primavera (perso)
